date,open,close,high,low,volume,money
2019-03-19,7.1,8.52,8.52,7.1,43288.0,363287.32
2019-03-20,9.37,9.37,9.37,9.37,12159.0,113940.0
2019-03-21,10.31,10.31,10.31,10.31,19298.0,198909.7
2019-03-22,11.34,11.34,11.34,11.34,110003.0,1247191.56
2019-03-25,12.47,12.47,12.47,12.47,203108.0,2533267.0
2019-03-26,13.72,13.72,13.72,13.72,346319.0,4751651.0
2019-03-27,15.09,15.09,15.09,15.09,590085.0,8905973.16
2019-03-28,16.6,15.61,16.6,15.54,51627364.0,819629694.11
2019-03-29,14.92,14.86,15.08,14.31,32424679.0,479316209.55
2019-04-01,14.66,14.99,15.34,14.44,30098421.0,447948795.89
2019-04-02,14.98,14.82,14.98,14.62,23185219.0,343032646.84
2019-04-03,14.74,14.41,14.74,14.36,20330790.0,295013257.56
2019-04-04,14.36,14.77,14.88,14.36,21572099.0,316470913.22
2019-04-08,14.72,14.51,14.99,14.5,19480735.0,286245730.73
2019-04-09,14.3,13.59,14.3,13.43,18750870.0,256689466.89
2019-04-10,13.57,13.55,13.72,13.45,8586331.0,116543031.3
2019-04-11,13.63,13.32,13.65,13.25,9044527.0,121398397.12
2019-04-12,13.32,13.03,13.43,12.79,10917255.0,142733378.04
2019-04-15,13.07,13.01,13.26,12.99,7390336.0,97095845.02
2019-04-16,13.0,13.21,13.21,12.66,9567703.0,123487981.59
2019-04-17,13.14,13.2,13.3,13.1,7718470.0,101978028.65
2019-04-18,13.2,13.11,13.25,12.99,7162080.0,93922553.36
2019-04-19,12.98,13.23,13.25,12.95,7034942.0,92449099.59
2019-04-22,13.23,12.89,13.23,12.78,7939488.0,102970160.61
2019-04-23,12.78,12.94,13.22,12.69,8833853.0,114884351.44
2019-04-24,12.8,12.51,12.93,12.25,8884454.0,111522012.44
2019-04-25,12.43,11.56,12.52,11.5,10083066.0,121245443.89
2019-04-26,11.51,11.31,11.51,11.17,7746162.0,87936848.05
2019-04-29,11.31,10.54,11.43,10.53,8380062.0,91917268.51
2019-04-30,10.55,10.58,10.76,10.49,4720555.0,50199744.3
2019-05-06,9.82,9.79,10.21,9.54,7134798.0,70487346.36
2019-05-07,9.98,10.21,10.21,9.81,7885636.0,78901457.0
2019-05-08,9.97,10.21,10.44,9.89,7731733.0,78808034.72
2019-05-09,10.13,10.14,10.41,10.04,5995024.0,61317280.92
2019-05-10,10.28,10.33,10.39,9.88,8240440.0,84373356.34
2019-05-13,10.19,10.14,10.3,10.06,4697605.0,47825356.0
2019-05-14,9.95,9.97,10.1,9.9,4506611.0,44986022.1
2019-05-15,9.99,10.25,10.28,9.99,6593959.0,66821247.36
2019-05-16,10.37,10.68,10.78,10.26,11942874.0,126991648.56
2019-05-17,10.55,9.93,10.67,9.88,8700504.0,89644036.69
2019-05-20,9.97,9.68,9.99,9.49,4637434.0,44686277.55
2019-05-21,9.61,9.77,9.9,9.61,4101927.0,40113478.65
2019-05-22,9.81,9.64,9.82,9.59,3837229.0,37156741.82
2019-05-23,9.64,9.21,9.64,9.19,5150459.0,47976733.2
2019-05-24,9.25,9.32,9.45,9.22,3572220.0,33299947.81
2019-05-27,9.39,9.55,9.55,9.26,4539334.0,42789704.97
2019-05-28,9.54,9.47,9.67,9.43,4240171.0,40431354.3
2019-05-29,9.44,9.62,9.74,9.38,5481787.0,52799085.85
2019-05-30,9.47,9.97,9.98,9.41,7315262.0,70787751.88
2019-05-31,10.46,10.97,10.97,10.46,13004949.0,140594826.8
2019-06-03,11.28,10.8,11.52,10.55,21546420.0,238273734.26
2019-06-04,10.43,10.24,10.53,10.07,11132973.0,114512691.86
2019-06-05,10.27,10.26,10.61,10.26,10197563.0,106270048.96
2019-06-06,10.14,9.54,10.15,9.34,8836969.0,86319530.23
2019-06-10,9.63,9.5,9.68,9.39,4793687.0,45689960.16
2019-06-11,9.42,10.06,10.06,9.42,7867892.0,76882065.01
2019-06-12,10.14,9.82,10.14,9.79,7054343.0,70158875.55
2019-06-13,9.81,9.96,10.05,9.63,7286210.0,71883137.88
2019-06-14,9.97,9.44,9.98,9.43,7022512.0,68028147.68
2019-06-17,9.39,9.43,9.55,9.3,3180375.0,29917820.4
2019-06-18,9.43,9.93,9.93,9.43,8827080.0,86272409.2
2019-06-19,10.17,10.01,10.28,9.93,8969386.0,90110948.87
2019-06-20,9.9,9.98,10.06,9.81,6478980.0,64409115.01
2019-06-21,9.95,10.17,10.24,9.95,8412978.0,84866097.04
2019-06-24,10.26,10.15,10.35,9.9,7025466.0,70863350.8
2019-06-25,10.3,9.92,10.3,9.92,5534496.0,55784102.76
2019-06-26,9.99,9.95,9.99,9.75,5251986.0,51906263.0
2019-06-27,10.05,9.87,10.08,9.87,4619694.0,46049045.0
2019-06-28,9.77,9.56,9.87,9.47,5363250.0,51549682.24
2019-07-01,9.77,9.85,9.91,9.65,5787399.0,56639221.7
2019-07-02,9.76,9.87,10.03,9.75,4745261.0,46936675.66
2019-07-03,9.87,9.59,9.87,9.58,3872360.0,37562049.98
2019-07-04,9.61,9.66,9.72,9.55,2818973.0,27145131.34
2019-07-05,9.56,10.03,10.08,9.56,7716551.0,76416317.36
2019-07-08,10.01,9.44,10.01,9.43,7233767.0,69373265.59
2019-07-09,9.4,9.53,9.54,9.33,3162361.0,29811606.0
2019-07-10,9.53,9.31,9.53,9.29,2494941.0,23477252.0
2019-07-11,9.37,9.31,9.4,9.26,2147721.0,20047302.0
2019-07-12,9.39,9.37,9.43,9.31,1648733.0,15468091.0
2019-07-15,9.1,8.91,9.1,8.73,5864481.0,51962094.16
2019-07-16,8.91,8.92,8.96,8.86,2873236.0,25599559.0
2019-07-17,8.92,8.9,8.95,8.79,3471391.0,30795825.4
2019-07-18,8.9,8.61,8.9,8.59,4355366.0,37731244.06
2019-07-19,8.64,8.58,8.7,8.44,2290932.0,19811849.0
2019-07-22,8.61,8.01,8.65,7.99,4192762.0,34200542.88
2019-07-23,8.05,8.18,8.21,8.02,2648060.0,21452509.0
2019-07-24,8.23,8.3,8.42,8.18,2589965.0,21566271.0
2019-07-25,8.33,8.31,8.41,8.27,2528470.0,21077816.81
2019-07-26,8.28,8.33,8.38,8.27,2438864.0,20346224.12
2019-07-29,8.3,8.31,8.35,8.24,2141894.0,17771782.74
2019-07-30,8.42,8.35,8.47,8.32,2571501.0,21590256.49
2019-07-31,8.3,8.23,8.31,8.14,2954362.0,24299103.82
2019-08-01,8.12,8.28,8.31,8.12,2234188.0,18422890.0
2019-08-02,8.13,8.2,8.21,8.03,3444077.0,27908312.15
2019-08-05,8.19,8.28,8.29,8.18,3595332.0,29665754.02
2019-08-06,8.12,8.19,8.21,7.78,5425614.0,43503695.46
2019-08-07,8.23,8.41,8.46,8.18,6310868.0,52541463.98
2019-08-08,8.4,8.69,8.81,8.32,9888303.0,85364666.3
2019-08-09,8.65,8.37,8.77,8.34,6638250.0,56703861.94
2019-08-12,8.37,8.34,8.48,8.25,4205372.0,35104487.0
2019-08-13,8.32,8.05,8.32,8.01,4209876.0,34061908.53
2019-08-14,8.23,8.08,8.23,8.07,2684201.0,21782782.31
2019-08-15,7.87,8.0,8.04,7.77,3539520.0,27963723.2
2019-08-16,8.02,7.99,8.08,7.96,2703904.0,21680382.0
2019-08-19,8.05,8.17,8.19,8.0,3217754.0,26100642.0
2019-08-20,8.17,8.27,8.32,8.14,4222891.0,34775170.46
2019-08-21,8.24,8.58,8.7,8.19,8599878.0,72867041.16
2019-08-22,8.58,8.38,8.65,8.29,6859670.0,57802923.96
2019-08-23,8.33,8.21,8.34,8.19,3463091.0,28577726.62
2019-08-26,7.97,8.06,8.12,7.93,1886968.0,15191156.0
2019-08-27,8.12,8.24,8.26,8.1,3083099.0,25262248.0
2019-08-28,8.39,8.42,8.64,8.33,7247683.0,61369045.04
2019-08-29,8.52,8.43,8.54,8.37,4664067.0,39446989.37
2019-08-30,8.48,8.23,8.48,8.23,4200486.0,35012977.2
2019-09-02,8.28,8.58,8.58,8.28,6817242.0,57769296.7
2019-09-03,8.58,8.55,8.58,8.46,4574497.0,38952693.12
2019-09-04,8.53,8.71,8.75,8.48,6504722.0,55959079.57
2019-09-05,8.72,8.64,8.79,8.64,7819177.0,68099863.06
2019-09-06,8.64,8.77,8.77,8.59,5499076.0,47724796.28
2019-09-09,8.82,8.88,8.98,8.8,6271418.0,55673451.16
2019-09-10,8.88,8.92,9.02,8.8,5410789.0,48108549.98
2019-09-11,8.92,9.02,9.07,8.9,5424957.0,48708932.56
2019-09-12,9.02,9.15,9.17,8.93,5283538.0,47764880.58
2019-09-16,9.22,9.06,9.33,9.04,6345887.0,58278572.0
2019-09-17,9.02,8.85,9.06,8.66,6089980.0,53804412.56
2019-09-18,8.88,9.07,9.09,8.77,5239075.0,46883022.64
2019-09-19,9.06,9.21,9.26,9.05,5947336.0,54619809.52
2019-09-20,9.27,9.06,9.28,9.03,4953075.0,45300346.32
2019-09-23,9.06,9.06,9.1,8.93,3257853.0,29311900.6
2019-09-24,9.07,9.05,9.17,9.02,2898455.0,26358302.53
2019-09-25,8.97,8.86,9.05,8.86,3794229.0,33947442.06
2019-09-26,9.03,9.16,9.3,8.93,9750645.0,89151082.88
2019-09-27,9.08,8.9,9.17,8.77,7972346.0,70866687.78
2019-09-30,8.82,8.57,8.9,8.51,4767680.0,41047120.57
2019-10-08,8.58,8.57,8.7,8.55,2650416.0,22862808.75
2019-10-09,8.55,8.63,8.65,8.45,2748488.0,23539113.0
2019-10-10,8.66,8.61,8.66,8.57,2902446.0,24953507.0
2019-10-11,8.64,8.46,8.66,8.46,2725184.0,23220767.0
2019-10-14,8.5,8.61,8.63,8.5,2972210.0,25520728.0
2019-10-15,8.59,8.7,8.72,8.52,3734349.0,32223674.0
2019-10-16,8.72,8.53,8.72,8.51,2837219.0,24429142.7
2019-10-17,8.52,8.5,8.58,8.46,1700662.0,14461659.0
2019-10-18,8.5,8.47,8.57,8.46,1232059.0,10487780.0
2019-10-21,8.53,8.27,8.53,7.98,2266159.0,18804641.61
2019-10-22,8.29,8.32,8.35,8.25,1001048.0,8315023.5
2019-10-23,8.34,8.27,8.36,8.25,1123262.0,9322647.0
2019-10-24,8.26,8.32,8.48,8.25,1232498.0,10298662.0
2019-10-25,8.43,8.41,8.44,8.35,1489721.0,12501313.84
2019-10-28,8.41,8.56,8.58,8.36,1997287.0,16997450.52
2019-10-29,8.6,8.45,8.61,8.43,2034889.0,17364509.74
2019-10-30,8.45,8.31,8.48,8.23,1950760.0,16289241.7
2019-10-31,8.29,8.17,8.36,8.15,1522962.0,12561614.0
2019-11-01,8.17,8.29,8.31,8.15,1133661.0,9349516.38
2019-11-04,8.28,8.49,8.52,8.28,2225884.0,18798363.76
2019-11-05,8.5,8.34,8.5,8.27,1948145.0,16312513.84
2019-11-06,8.4,8.29,8.4,8.25,1203978.0,10003977.0
2019-11-07,8.29,8.46,8.66,8.28,2283784.0,19396055.0
2019-11-08,8.56,8.46,8.56,8.41,2144361.0,18153575.32
2019-11-11,8.38,8.36,8.53,8.3,1925750.0,16182784.0
2019-11-12,8.33,8.41,8.41,8.24,1461534.0,12174477.0
2019-11-13,8.34,8.44,8.47,8.34,1768233.0,14886927.0
2019-11-14,8.45,8.42,8.51,8.38,1762967.0,14866498.0
2019-11-15,8.36,8.27,8.43,8.27,2204367.0,18338526.0
2019-11-18,8.23,8.28,8.28,8.18,1484350.0,12211753.0
2019-11-19,8.27,8.34,8.36,8.24,1939352.0,16137804.0
2019-11-20,8.34,8.32,8.4,8.3,2374609.0,19820876.0
2019-11-21,8.33,8.28,8.33,8.24,1396158.0,11558590.0
2019-11-22,8.28,8.26,8.39,8.23,1623439.0,13468458.0
2019-11-25,8.21,8.15,8.31,8.13,1623983.0,13254800.24
2019-11-26,8.15,8.09,8.2,8.09,1039440.0,8445958.0
2019-11-27,8.08,8.0,8.1,7.99,1399905.0,11246169.58
2019-11-28,8.01,7.97,8.03,7.97,1239079.0,9898728.0
2019-11-29,8.0,8.07,8.08,7.96,1033297.0,8305945.0
2019-12-02,8.07,8.03,8.15,8.01,976257.0,7863132.0
2019-12-03,7.98,8.04,8.09,7.91,968360.0,7717758.0
2019-12-04,7.97,8.04,8.07,7.96,787842.0,6315595.78
2019-12-05,8.0,8.11,8.12,8.0,1506762.0,12160352.38
2019-12-06,8.09,8.11,8.15,8.05,1239957.0,10040086.0
2019-12-09,8.11,8.07,8.14,8.02,1514406.0,12199381.5
2019-12-10,8.02,8.08,8.09,8.02,1200029.0,9682609.0
2019-12-11,8.08,8.04,8.1,8.02,1051725.0,8469547.0
2019-12-12,8.03,7.97,8.05,7.96,1214947.0,9727370.0
2019-12-13,8.03,8.05,8.06,7.98,1410198.0,11299849.0
2019-12-16,8.08,8.25,8.31,8.07,3060218.0,25157990.6
2019-12-17,8.23,8.26,8.33,8.22,2879736.0,23848734.8
2019-12-18,8.25,8.35,8.43,8.25,3522863.0,29395996.2
2019-12-19,8.35,8.38,8.45,8.32,2685915.0,22520127.0
2019-12-20,8.43,8.41,8.46,8.33,3230205.0,27154818.0
2019-12-23,8.37,8.28,8.42,8.24,2764906.0,23013506.1
2019-12-24,8.36,8.8,8.94,8.28,9868651.0,85758006.64
2019-12-25,8.79,8.73,8.81,8.59,5717358.0,49792967.0
2019-12-26,8.76,9.01,9.02,8.76,8629137.0,77157322.49
2019-12-27,9.01,9.25,9.49,9.0,13815618.0,128603887.38
2019-12-30,9.32,9.71,9.76,9.17,12515668.0,120401026.6
2019-12-31,9.62,9.47,9.75,9.35,9061863.0,85808668.47
2020-01-02,9.48,9.88,9.91,9.46,9739249.0,95161481.42
2020-01-03,10.0,9.72,10.0,9.62,6825694.0,66613715.22
2020-01-06,9.66,9.61,9.78,9.47,6764367.0,65035183.52
2020-01-07,9.56,9.64,9.85,9.52,4991093.0,48220865.32
2020-01-08,9.64,9.71,9.89,9.58,6369038.0,62219297.5
2020-01-09,10.03,10.68,10.68,10.03,15881901.0,167756569.87
2020-01-10,10.87,11.18,11.72,10.72,20534893.0,231290563.02
2020-01-13,11.23,11.31,11.49,10.95,12200502.0,137203094.53
2020-01-14,11.28,11.07,11.47,10.99,8672676.0,97101506.0
2020-01-15,10.76,11.07,11.37,10.76,6815374.0,75891463.67
2020-01-16,10.97,11.05,11.15,10.85,4546946.0,50060682.0
2020-01-17,10.94,11.22,11.32,10.94,5757163.0,64339275.79
2020-01-20,11.15,11.3,11.3,10.72,7527932.0,82530265.4
2020-01-21,11.3,11.21,11.42,11.1,4848818.0,54444806.0
2020-01-22,11.14,11.45,11.45,10.83,7116241.0,79916684.09
2020-01-23,11.39,11.45,12.24,10.94,10081966.0,116617756.58
2020-02-03,10.31,10.31,10.31,10.31,884116.0,9113845.0
2020-02-04,9.34,10.83,10.94,9.34,9676931.0,100074605.5
2020-02-05,10.71,11.03,11.62,10.71,8494672.0,94467586.19
2020-02-06,10.87,11.94,12.03,10.87,11006708.0,127179077.03
2020-02-07,12.11,12.48,12.66,11.85,11280578.0,138721283.06
2020-02-10,13.13,13.06,13.67,12.76,14272309.0,187983219.1
2020-02-11,13.06,12.76,13.33,12.67,10279732.0,132684478.85
2020-02-12,13.56,14.04,14.04,13.13,12664564.0,173036122.48
2020-02-13,14.36,14.13,15.43,14.13,21916137.0,321885289.76
2020-02-14,13.97,13.99,14.58,13.36,12904741.0,181100084.37
2020-02-17,13.9,14.54,14.93,13.9,10870102.0,158794921.89
2020-02-18,15.41,16.0,16.0,15.41,8108114.0,128931382.7
2020-02-19,17.55,16.92,17.6,16.41,26377229.0,448803580.8
2020-02-20,17.32,18.62,18.62,16.75,23671237.0,415605260.0
2020-02-21,18.23,18.0,19.41,16.87,19777106.0,357567107.44
2020-02-24,18.04,19.17,19.47,17.55,16593507.0,307185500.4
2020-02-25,18.44,18.37,19.44,18.03,13298184.0,245848407.58
2020-02-26,17.55,16.53,18.0,16.53,13480408.0,228429875.35
2020-02-27,16.18,16.2,17.21,15.59,12453750.0,200985435.78
2020-02-28,15.5,14.75,16.07,14.58,12759022.0,194442746.22
2020-03-02,15.47,15.17,15.47,14.31,9245702.0,137961814.5
2020-03-03,15.5,15.43,15.9,15.11,9201009.0,142533774.58
2020-03-04,15.27,15.12,15.27,14.66,6953072.0,104274522.59
2020-03-05,15.49,15.22,15.54,14.82,5548433.0,83996736.0
2020-03-06,15.19,15.25,15.61,14.77,5784270.0,87991549.0
2020-03-09,14.81,14.54,15.29,14.13,6173356.0,90280313.46
2020-03-10,14.16,15.27,15.41,14.04,7846696.0,116496956.5
2020-03-11,15.22,15.03,15.94,14.88,7349569.0,113254038.38
2020-03-12,14.91,14.29,14.91,14.08,6380994.0,91825530.0
2020-03-13,13.23,14.36,14.79,13.18,5764965.0,81445765.0
2020-03-16,14.67,12.92,14.7,12.92,11372850.0,153634016.0
2020-03-17,12.9,12.1,13.1,11.63,12968209.0,155694814.74
2020-03-18,12.14,12.12,13.07,12.05,9140621.0,114274047.52
2020-03-19,12.41,12.33,12.72,11.92,6716282.0,82629076.54
2020-03-20,12.82,12.53,13.45,12.33,8362687.0,107708487.0
2020-03-23,12.19,11.28,12.19,11.28,13262806.0,154367552.46
2020-03-24,11.74,11.45,11.74,10.9,9757748.0,109387692.0
2020-03-25,12.59,12.59,12.59,12.59,1513747.0,19061250.0
2020-03-26,13.85,13.85,13.85,13.85,7166493.0,99273432.72
2020-03-27,14.24,14.59,15.16,13.79,35674899.0,512719727.08
2020-03-30,14.13,14.27,14.4,13.37,23627878.0,328192345.94
2020-03-31,14.56,15.68,15.69,14.26,27998870.0,414910346.99
2020-04-01,15.05,14.86,15.65,14.84,19931245.0,303791889.03
2020-04-02,15.04,16.34,16.34,14.61,24117165.0,377302235.77
2020-04-03,16.19,16.4,17.02,15.75,22486815.0,367727977.15
2020-04-07,16.47,16.78,17.09,16.07,20321985.0,335787817.88
2020-04-08,16.3,15.2,16.36,15.11,23299825.0,363323165.76
2020-04-09,15.35,15.61,15.69,14.81,14766896.0,226982603.54
2020-04-10,15.5,14.62,15.61,14.41,13976645.0,208543510.32
2020-04-13,14.59,14.61,14.94,14.15,9566884.0,140251299.0
2020-04-14,14.74,14.8,14.86,14.41,8018035.0,117886541.0
2020-04-15,14.75,14.27,14.91,14.27,9915414.0,144378244.1
2020-04-16,14.25,14.44,14.54,14.16,7548221.0,108642696.24
2020-04-17,14.7,15.22,15.69,14.65,17128031.0,260906078.0
2020-04-20,15.27,15.28,15.33,14.79,11021705.0,165923852.7
2020-04-21,15.1,15.3,15.3,14.7,10277819.0,153894156.1
2020-04-22,15.11,14.75,15.13,14.42,12933963.0,190917388.5
2020-04-23,14.75,13.69,14.75,13.47,13935568.0,194864699.75
2020-04-24,13.67,13.3,13.88,13.23,7224577.0,97509053.5
2020-04-27,13.37,13.44,13.52,13.15,4744567.0,63386082.8
2020-04-28,13.34,13.61,13.8,12.66,7886839.0,104822111.0
2020-04-29,13.5,14.36,14.51,13.36,11936008.0,169202468.0
2020-04-30,14.56,15.42,15.68,14.14,17286557.0,259452741.63
2020-05-06,15.04,15.77,15.86,15.0,13309131.0,207606735.0
2020-05-07,15.77,16.33,16.61,15.59,12879437.0,208087522.72
2020-05-08,16.77,16.33,16.85,15.96,13651549.0,224651931.52
2020-05-11,16.61,17.0,17.21,16.41,11466927.0,193346438.98
2020-05-12,16.82,17.05,17.18,16.65,8559035.0,144839925.0
2020-05-13,17.05,17.09,17.36,16.72,7923792.0,135258018.74
2020-05-14,16.88,16.93,17.39,16.86,8685001.0,147867895.67
2020-05-15,16.97,16.34,17.24,16.27,10230707.0,170610427.5
2020-05-18,16.35,16.66,17.9,16.35,16881150.0,288225863.83
2020-05-19,16.82,16.46,17.43,16.18,11024173.0,183320282.59
2020-05-20,16.28,16.03,16.97,15.92,9250441.0,150976530.59
2020-05-21,15.94,15.87,16.15,15.64,6959776.0,110724609.93
2020-05-22,15.74,15.94,16.77,15.64,9157318.0,148890236.85
2020-05-25,16.07,16.43,16.76,15.69,9029740.0,146293926.62
2020-05-26,16.09,16.68,16.88,15.77,12137745.0,199036167.1
2020-05-27,16.7,16.43,17.42,16.42,16365330.0,276461510.37
2020-05-28,16.28,16.11,16.58,15.65,10792360.0,173244305.24
2020-05-29,15.74,16.04,16.2,15.74,5538182.0,88390280.64
2020-06-01,16.08,17.65,17.65,16.08,13846756.0,239406341.86
2020-06-02,18.35,18.95,19.36,18.21,20958863.0,393079801.86
2020-06-03,19.08,19.2,20.01,18.68,13892733.0,269263398.23
2020-06-04,19.62,19.46,19.95,19.22,9513645.0,185881458.73
2020-06-05,19.72,19.99,20.07,19.22,8527073.0,168371046.84
2020-06-08,20.32,19.72,20.48,19.26,9085114.0,178527121.61
2020-06-09,19.46,19.88,19.91,19.4,6536839.0,128677754.7
2020-06-10,20.03,19.68,20.21,19.14,6283232.0,123484779.74
2020-06-11,19.86,19.58,20.67,19.24,9310810.0,184749861.5
2020-06-12,18.87,19.43,19.84,18.79,6905238.0,134044315.8
2020-06-15,19.23,18.85,19.56,18.75,7378945.0,141489525.9
2020-06-16,19.36,20.74,20.74,19.22,9403138.0,192090000.3
2020-06-17,21.64,22.81,22.81,21.13,19537029.0,429452280.47
2020-06-18,22.28,21.85,22.81,21.62,12064204.0,266302352.52
2020-06-19,22.08,22.13,22.7,21.73,9076434.0,201633644.5
2020-06-22,22.48,22.3,23.63,22.1,10470147.0,236878649.85
2020-06-23,22.72,23.09,23.15,21.91,9791540.0,222110497.9
2020-06-24,22.86,23.71,24.28,22.59,9491773.0,223462544.1
2020-06-29,24.04,25.13,25.49,23.78,8563332.0,211358109.26
2020-06-30,25.04,24.83,25.38,24.64,8550986.0,213042818.24
2020-07-01,24.64,25.27,25.8,24.6,7222299.0,181723337.1
2020-07-02,25.25,26.97,27.12,25.03,9405404.0,246921521.74
2020-07-03,26.42,25.28,26.66,24.41,10621657.0,269733279.63
2020-07-06,24.8,25.57,26.95,24.37,11209521.0,287631538.09
2020-07-07,25.46,26.19,26.7,25.02,9650651.0,250231378.9
2020-07-08,25.98,26.95,27.04,25.26,8241855.0,216342527.1
2020-07-09,26.85,27.69,28.48,26.64,10705411.0,295853788.06
2020-07-10,26.82,30.46,30.46,26.81,13165281.0,382669044.43
2020-07-13,30.22,30.1,31.16,29.06,10860328.0,323472708.28
2020-07-14,29.67,31.71,32.35,29.5,8836718.0,268802685.8
2020-07-15,31.58,30.3,32.08,29.7,9082102.0,278700030.4
2020-07-16,30.54,27.27,30.8,27.27,9017110.0,260693146.74
2020-07-17,26.97,27.94,28.77,26.54,7159870.0,199885276.37
2020-07-20,28.67,29.34,29.37,27.97,7417721.0,214606675.08
2020-07-21,29.25,30.8,31.19,28.5,7423647.0,224912344.67
2020-07-22,30.8,30.89,31.58,30.08,4900377.0,150480457.13
2020-07-23,30.28,31.53,31.72,30.15,6796959.0,211327270.1
2020-07-24,31.42,28.61,31.48,28.38,9254578.0,274347393.5
2020-07-27,28.69,28.98,30.6,28.29,6957180.0,205732795.02
2020-07-28,29.45,29.08,30.31,28.63,5819660.0,170502567.65
2020-07-29,29.24,31.99,31.99,28.72,10306971.0,317316124.0
2020-07-30,32.93,34.42,35.18,32.48,10396604.0,351843422.1
2020-07-31,34.13,34.2,35.3,33.44,8044876.0,275917577.0
2020-08-03,34.52,35.24,36.41,33.35,6896947.0,242109845.89
2020-08-04,35.26,36.22,36.51,33.74,7322388.0,255396406.4
2020-08-05,36.23,38.04,38.7,35.96,6568202.0,244861956.79
2020-08-06,38.28,39.66,39.71,37.19,5628448.0,217031369.85
2020-08-07,39.51,41.88,42.58,35.69,7205963.0,289884576.66
2020-08-10,40.68,43.97,44.95,39.98,6614997.0,281755599.2
2020-08-11,43.39,41.84,44.21,39.71,9944108.0,420518373.24
2020-08-12,40.68,39.52,41.35,37.89,6770660.0,266388986.6
2020-08-13,39.52,41.71,42.62,38.75,6380515.0,262177701.15
2020-08-14,40.56,37.54,41.26,37.54,7909413.0,305838443.14
2020-08-17,36.67,39.52,40.48,36.61,6890861.0,267668002.9
2020-08-18,39.52,39.47,41.25,39.13,4423867.0,176759768.76
2020-08-19,39.9,37.96,39.9,36.84,5130252.0,195730578.93
2020-08-20,37.85,37.53,38.74,36.95,3287481.0,123963071.2
2020-08-21,38.59,38.59,39.42,37.45,3767409.0,144713585.7
2020-08-24,37.58,38.74,38.94,36.84,6563182.0,248478068.94
2020-08-25,38.74,39.22,40.68,38.27,3951087.0,155976249.89
2020-08-26,39.72,36.85,40.1,36.74,5901375.0,223627969.03
2020-08-27,36.72,37.2,37.5,34.44,5261399.0,189794411.26
2020-08-28,36.42,37.42,37.77,36.23,3252022.0,120414305.68
2020-08-31,37.93,36.97,38.2,36.77,2977789.0,111192860.2
2020-09-01,37.19,38.28,38.74,36.42,3860224.0,144544493.6
2020-09-02,38.29,38.94,40.22,37.53,4287441.0,165954178.12
2020-09-03,38.54,37.74,39.05,37.35,2966855.0,112487781.67
2020-09-04,37.02,37.72,38.33,36.06,2490286.0,92250822.3
2020-09-07,38.16,35.33,38.47,35.26,3823650.0,140095155.8
2020-09-08,35.33,34.05,35.99,33.71,4422256.0,152513378.22
2020-09-09,33.9,32.99,34.56,32.47,6262805.0,209734942.6
2020-09-10,31.97,33.14,34.02,31.97,5017817.0,167776136.42
2020-09-11,32.93,39.77,39.77,32.2,8908343.0,328389760.1
2020-09-14,40.68,40.82,43.2,39.99,10160460.0,419573331.52
2020-09-15,41.27,40.19,41.4,39.64,5576081.0,224757823.5
2020-09-16,40.22,43.75,44.19,39.52,9781271.0,416528261.31
2020-09-17,42.63,45.58,46.77,42.2,8955707.0,398515270.03
2020-09-18,45.03,45.77,46.59,43.62,4862010.0,220326859.6
2020-09-21,46.55,45.77,46.67,44.65,3546815.0,162172813.9
2020-09-22,45.76,42.45,46.16,42.26,5941995.0,260078298.21
2020-09-23,43.9,45.34,46.55,42.25,7281077.0,323464270.7
2020-09-24,44.21,43.23,44.88,43.03,4032009.0,176320081.36
2020-09-25,43.54,42.6,44.1,41.98,3396510.0,145675515.8
2020-09-28,42.81,42.03,43.62,40.69,4357547.0,184483441.26
2020-09-29,41.86,41.87,43.42,41.47,3165889.0,134298961.1
2020-09-30,41.5,46.17,48.47,41.33,7037797.0,320591577.18
2020-10-09,50.86,52.69,55.34,50.12,7452680.0,393948954.32
2020-10-12,53.17,51.76,53.2,50.27,6724529.0,346160309.2
2020-10-13,52.03,51.25,52.03,48.89,5296818.0,267619071.9
2020-10-14,49.4,50.07,51.25,48.61,5407591.0,270822187.92
2020-10-15,50.42,47.68,50.43,46.94,5943158.0,287170701.97
2020-10-16,48.12,47.46,49.59,46.66,4485828.0,216055335.16
2020-10-19,48.51,45.14,48.7,44.93,4382455.0,202860785.82
2020-10-20,45.64,45.6,46.23,44.25,4728831.0,213768206.23
2020-10-21,45.77,47.68,48.7,44.13,10551078.0,492757303.2
2020-10-22,45.41,46.11,47.53,44.55,5428394.0,250879032.82
2020-10-23,46.94,43.81,47.02,42.25,6346067.0,281191112.42
2020-10-26,43.22,45.06,45.92,41.63,5583080.0,248147071.18
2020-10-27,45.38,45.48,45.86,44.21,3578180.0,161453444.58
2020-10-28,45.5,49.25,50.37,45.5,7710282.0,374925901.93
2020-10-29,47.92,48.27,50.74,47.34,7586999.0,372072877.4
2020-10-30,49.98,48.53,51.44,48.51,5975287.0,297576619.02
2020-11-02,47.88,50.1,51.08,47.88,6742688.0,335705310.8
2020-11-03,49.84,48.22,50.27,47.01,5149113.0,250163180.34
2020-11-04,48.02,45.38,48.9,44.13,8285881.0,379958681.43
2020-11-05,46.05,47.34,48.7,46.05,5609803.0,266235806.44
2020-11-06,48.11,45.01,48.73,43.81,5612778.0,254908558.67
2020-11-09,45.38,44.91,46.0,43.9,4610734.0,208004543.63
2020-11-10,44.99,45.93,48.82,43.71,7315087.0,338556039.35
2020-11-11,45.72,44.4,46.91,44.08,4355668.0,197787863.24
2020-11-12,44.6,45.23,45.47,43.51,3471537.0,154787816.66
2020-11-13,44.99,44.27,45.15,43.62,3228795.0,142742954.71
2020-11-16,44.21,43.33,44.37,42.0,2877321.0,124121760.0
2020-11-17,43.03,40.82,43.27,39.9,4450833.0,182687089.89
2020-11-18,40.6,40.92,42.21,39.9,2800326.0,114520529.4
2020-11-19,41.32,41.72,42.26,39.95,3744740.0,155578441.44
2020-11-20,41.87,42.39,42.76,41.0,4225915.0,177061227.55
2020-11-23,42.37,45.14,45.85,41.58,5743500.0,255462269.71
2020-11-24,45.13,45.16,45.43,44.25,4240000.0,190292153.38
2020-11-25,45.38,44.34,46.32,44.32,3778405.0,170816418.11
2020-11-26,43.98,41.89,44.78,41.86,3496455.0,150027584.95
2020-11-27,41.89,41.49,42.64,41.1,2239202.0,92959060.28
2020-11-30,41.51,40.96,41.77,40.37,3274694.0,133865656.47
2020-12-01,40.53,42.51,44.01,40.53,3636308.0,155278388.23
2020-12-02,43.03,41.86,43.03,40.1,4217354.0,173748821.73
2020-12-03,41.8,42.35,43.15,41.14,3171078.0,133311620.2
2020-12-04,41.69,41.32,43.12,40.92,4169789.0,173914270.56
2020-12-07,41.47,41.37,43.01,41.08,3971033.0,165845088.7
2020-12-08,41.08,45.89,47.74,40.92,11043245.0,492309530.43
2020-12-09,45.83,47.26,49.68,45.77,8438944.0,404568913.64
2020-12-10,48.12,52.55,54.35,46.55,10291485.0,523598797.23
2020-12-11,52.03,53.2,53.99,50.97,7073188.0,371152212.94
2020-12-14,53.99,54.38,55.32,52.43,6826021.0,367517485.7
2020-12-15,54.26,55.81,57.07,52.82,7321662.0,399834363.18
2020-12-16,55.55,54.83,56.29,52.74,6343629.0,346245103.08
2020-12-17,53.88,54.77,55.54,53.55,4513644.0,245810664.4
2020-12-18,54.77,54.7,57.85,53.89,5079090.0,283278686.0
2020-12-21,55.61,56.58,57.9,55.38,5037445.0,284855498.35
2020-12-22,55.73,55.86,57.87,55.43,4456005.0,251296502.55
2020-12-23,57.12,62.5,65.2,56.53,8522982.0,518808289.16
2020-12-24,61.45,59.52,61.81,57.37,6861539.0,409148421.07
2020-12-25,59.43,63.57,65.45,58.69,7263339.0,450597854.25
2020-12-28,63.18,61.77,63.18,59.07,5465868.0,332714323.39
2020-12-29,61.22,54.58,61.42,54.18,6859205.0,384751471.68
2020-12-30,54.77,55.73,56.92,54.77,6190964.0,347074121.57
2020-12-31,56.74,58.29,59.46,55.71,6438518.0,368716025.71
2021-01-04,57.21,58.88,61.61,56.83,8874384.0,523215272.23
2021-01-05,57.3,57.89,58.28,55.56,6114643.0,347621956.03
2021-01-06,57.82,59.6,60.32,56.34,5912662.0,346891605.61
2021-01-07,59.74,65.37,65.72,59.74,9149961.0,579266626.75
2021-01-08,64.94,61.33,64.94,59.47,6533358.0,404557565.17
2021-01-11,60.64,56.06,60.69,54.69,6505414.0,368692574.07
2021-01-12,55.95,57.73,59.03,55.82,5336818.0,307733939.68
2021-01-13,58.07,57.49,58.88,55.94,5064402.0,289793178.92
2021-01-14,56.72,56.78,57.77,53.22,5341779.0,296056208.55
2021-01-15,56.33,57.8,58.56,55.35,3334693.0,190002681.24
2021-01-18,57.9,59.83,60.64,55.55,3327096.0,197176321.49
2021-01-19,59.97,60.1,62.2,59.66,3258925.0,198049038.31
2021-01-20,60.12,66.49,66.49,59.85,5616096.0,359285324.53
2021-01-21,66.5,67.99,68.46,64.94,5177251.0,346128796.94
2021-01-22,68.41,72.26,73.94,68.07,5626962.0,403876884.84
2021-01-25,72.56,77.7,80.12,72.37,7364803.0,566928127.02
2021-01-26,75.47,76.29,79.02,73.98,4932579.0,375799472.6
2021-01-27,76.25,79.13,80.07,71.59,5625684.0,428612494.09
2021-01-28,75.89,77.85,82.94,74.58,5749239.0,451676379.79
2021-01-29,78.99,81.97,86.45,78.99,6720176.0,560371381.09
2021-02-01,82.55,80.69,86.85,79.67,6710442.0,558408886.04
2021-02-02,80.69,80.87,82.94,75.92,6076303.0,484572091.79
2021-02-03,82.1,81.39,86.53,81.37,5041716.0,421391819.43
2021-02-04,79.73,82.52,85.24,79.41,4485672.0,373981189.7
2021-02-05,81.77,85.67,89.0,80.98,5502616.0,472234610.76
2021-02-08,84.11,82.62,84.89,69.24,9402423.0,728771737.49
2021-02-09,79.77,80.19,82.11,77.46,6178043.0,494832523.44
2021-02-10,80.19,84.13,85.54,80.11,4886066.0,407334259.6
2021-02-18,86.46,74.78,86.46,74.33,7258646.0,566268017.78
2021-02-19,75.33,79.81,80.54,74.48,5922736.0,458102483.65
2021-02-22,80.51,74.43,80.51,74.4,4767905.0,363093872.09
2021-02-23,73.6,70.73,75.11,69.55,5231497.0,375853002.58
2021-02-24,70.18,68.5,72.47,67.79,4636864.0,325489132.98
2021-02-25,70.22,67.47,71.38,66.97,3452036.0,237726460.31
2021-02-26,65.76,64.52,67.66,63.9,3143548.0,205144018.52
2021-03-01,66.17,66.27,68.3,64.6,3563914.0,235878598.63
2021-03-02,67.28,65.07,67.28,62.63,3816485.0,249852547.73
2021-03-03,64.16,65.53,66.11,63.43,2976653.0,192913743.83
2021-03-04,64.77,60.55,64.77,58.76,7276818.0,443101382.12
2021-03-05,60.5,60.28,63.77,59.89,5113632.0,313827284.91
2021-03-08,60.64,54.75,61.03,54.58,6725948.0,382766207.4
2021-03-09,55.57,52.36,55.57,51.04,5368264.0,285575958.33
2021-03-10,54.71,54.86,55.94,53.41,4673770.0,256199726.69
2021-03-11,56.0,57.52,57.58,54.38,4819001.0,271835541.38
2021-03-12,58.03,58.28,60.05,55.94,5805846.0,337069872.47
2021-03-15,57.89,52.32,58.02,51.68,6807565.0,371574605.83
2021-03-16,54.38,53.14,55.2,52.49,5592466.0,301152475.2
2021-03-17,54.25,54.15,54.57,51.45,4283034.0,228219785.32
2021-03-18,53.63,54.58,54.96,53.11,3317155.0,179632669.35
2021-03-19,52.73,52.35,54.1,50.9,5159084.0,269247258.15
2021-03-22,52.03,52.87,53.65,51.55,2725102.0,143776043.98
2021-03-23,53.56,51.97,53.56,50.7,3207951.0,165873182.38
2021-03-24,51.73,50.57,52.72,49.82,2814219.0,143510892.92
2021-03-25,49.56,51.19,52.37,49.56,2186859.0,111609024.72
2021-03-26,51.24,54.57,55.82,51.24,3910548.0,211195271.28
2021-03-29,55.12,53.45,55.12,51.64,5174005.0,274615699.93
2021-03-30,53.99,61.8,64.15,53.32,11486259.0,701644050.97
2021-03-31,61.42,59.15,61.79,57.6,8788641.0,523576154.52
2021-04-01,59.61,63.88,64.94,59.46,5975292.0,378056774.46
2021-04-02,62.33,62.59,64.51,61.48,6245777.0,392696703.39
2021-04-06,62.4,63.74,66.37,61.81,4857546.0,311752039.44
2021-04-07,63.27,59.66,64.0,58.43,6176136.0,371506065.93
2021-04-08,59.87,58.68,60.67,58.24,3830033.0,226271275.1
2021-04-09,57.96,54.6,58.65,54.08,6146384.0,341805612.04
2021-04-12,54.77,53.48,55.36,52.61,3984481.0,214517035.64
2021-04-13,53.32,53.13,54.76,52.69,4964567.0,266449196.98
2021-04-14,53.64,54.52,57.35,53.29,6158178.0,339003812.29
2021-04-15,53.6,54.89,55.46,52.81,4273489.0,231328442.26
2021-04-16,54.4,55.25,55.75,52.62,6377238.0,346854718.04
2021-04-19,54.08,58.66,58.92,54.08,5831615.0,333522453.46
2021-04-20,58.29,60.75,63.49,57.85,8723525.0,534994492.71
2021-04-21,60.76,60.54,62.59,58.41,4870241.0,295384414.54
2021-04-22,62.55,60.52,62.98,57.9,5365422.0,322404783.77
2021-04-23,60.05,62.94,63.39,60.05,5714083.0,356173890.46
2021-04-26,64.16,71.87,75.53,64.16,11973012.0,870387013.36
2021-04-27,72.45,73.29,75.89,71.59,8361985.0,615810364.49
2021-04-28,74.8,76.93,78.51,72.61,6753253.0,512341866.49
2021-04-29,76.68,78.88,79.99,75.28,5969614.0,466385553.39
2021-04-30,78.82,80.55,84.11,78.24,6729164.0,547787146.3
2021-05-06,79.81,76.99,80.2,75.5,7262757.0,561860778.01
2021-05-07,75.79,73.65,77.56,72.47,5140887.0,384064112.8
2021-05-10,74.04,70.41,74.29,69.85,6205946.0,444773922.8
2021-05-11,69.24,68.34,70.33,66.9,3705632.0,253259888.41
2021-05-12,68.34,71.66,72.58,68.34,5413026.0,384386394.74
2021-05-13,70.21,70.76,71.98,69.25,3876290.0,273570046.84
2021-05-14,71.69,70.42,72.29,66.5,4878011.0,338242738.0
2021-05-17,70.42,73.66,74.85,70.42,6134413.0,449116450.43
2021-05-18,72.08,73.54,74.74,71.7,4020161.0,293697435.13
2021-05-19,73.16,77.46,78.05,72.33,4895527.0,370978577.49
2021-05-20,76.28,77.89,80.15,75.81,4658259.0,360765627.11
2021-05-21,80.2,81.93,84.89,78.48,6106269.0,498599803.24
2021-05-24,81.4,79.48,81.76,75.11,4348565.0,340109720.81
2021-05-25,77.85,78.78,79.61,77.51,3251289.0,255118200.05
2021-05-26,78.39,76.28,79.11,75.19,3963354.0,304277266.45
2021-05-27,76.19,76.92,78.74,75.46,3180102.0,245928714.67
2021-05-28,77.09,79.1,81.49,77.09,4246592.0,338474194.38
2021-05-31,77.93,84.89,85.28,77.46,4627255.0,378220628.18
2021-06-01,83.71,82.87,85.59,80.27,3833486.0,317418658.1
2021-06-02,83.67,76.89,84.66,76.47,4182547.0,334285186.72
2021-06-03,76.49,73.25,77.38,71.2,6195384.0,454203485.08
2021-06-04,73.06,74.72,74.86,71.14,4517111.0,330733834.92
2021-06-07,73.64,71.6,74.31,69.63,5001929.0,357084617.09
2021-06-08,71.67,73.1,74.95,71.21,3819092.0,279752725.61
2021-06-09,73.55,75.45,75.68,72.18,3396367.0,252808914.86
2021-06-10,76.3,88.8,90.06,76.3,10969120.0,940803881.58
2021-06-11,89.46,90.94,92.27,87.16,13003123.0,1172968170.73
2021-06-15,91.54,91.89,94.59,89.66,7369202.0,673928396.99
2021-06-16,92.25,83.78,92.46,83.67,7506580.0,648512060.6
2021-06-17,85.71,88.83,89.78,84.89,5891415.0,517822904.8
2021-06-18,89.07,91.42,93.11,88.83,6695010.0,609980875.08
2021-06-21,90.56,97.84,101.93,88.85,7265650.0,706527399.47
2021-06-22,99.69,97.93,101.75,94.71,5920318.0,581180584.91
2021-06-23,98.23,99.5,102.71,97.02,5480029.0,550679431.18
2021-06-24,106.84,101.44,108.84,98.7,9691520.0,997771841.44
2021-06-25,100.19,102.39,106.87,99.37,7439099.0,770616522.13
2021-06-28,102.52,107.07,109.46,101.58,6179602.0,657088011.31
2021-06-29,107.58,117.64,118.34,107.34,8787409.0,1003638644.16
2021-06-30,117.64,120.11,127.69,109.89,8054748.0,968230288.78
2021-07-01,119.44,123.15,130.79,116.38,7491200.0,912183751.81
2021-07-02,118.39,115.59,121.5,113.72,7451616.0,873230337.09
2021-07-05,114.66,117.05,118.22,112.68,5661769.0,653169542.28
2021-07-06,117.72,115.42,118.78,112.73,6212341.0,715024084.3
2021-07-07,111.78,129.02,134.93,110.41,9870483.0,1221122084.03
2021-07-08,130.35,130.88,134.34,127.03,8765716.0,1145577041.31
2021-07-09,129.63,128.19,129.96,121.38,8315222.0,1041825508.02
2021-07-12,131.68,133.81,135.0,127.03,6101930.0,804497758.96
2021-07-13,131.68,130.16,145.64,129.02,8944489.0,1218828753.96
2021-07-14,127.69,129.63,134.26,126.5,5149228.0,670151918.75
2021-07-15,126.36,139.0,139.33,126.36,7433662.0,996620112.51
2021-07-16,137.53,135.67,142.31,135.51,4995413.0,689775997.2
2021-07-19,133.71,129.02,140.97,127.45,6159411.0,819590918.6
2021-07-20,129.49,135.07,137.89,129.35,5492836.0,737408836.65
2021-07-21,139.12,145.65,146.98,137.67,6557943.0,944629383.41
2021-07-22,144.98,173.49,174.78,143.81,9419698.0,1478422672.32
2021-07-23,166.26,172.23,179.96,163.53,6620007.0,1128471877.81
2021-07-26,172.65,182.95,185.55,162.94,7049877.0,1227685144.8
2021-07-27,183.62,156.92,184.22,156.29,10172688.0,1743101888.22
2021-07-28,152.22,173.59,176.91,148.04,9510370.0,1511962978.81
2021-07-29,176.25,199.52,200.51,173.63,10592932.0,1983010391.09
2021-07-30,196.19,204.27,232.77,196.19,9631832.0,2022846618.62
2021-08-02,199.75,193.19,211.49,184.92,9361524.0,1847692728.22
2021-08-03,184.89,162.24,184.89,156.29,16832965.0,2785925146.6
2021-08-04,162.94,174.11,176.9,159.68,9836707.0,1675463058.83
2021-08-05,172.91,175.57,178.89,163.6,8245389.0,1420456253.25
2021-08-06,172.91,193.78,199.52,170.59,10069722.0,1860885798.08
2021-08-09,189.54,200.18,206.09,179.57,8988665.0,1717339923.05
2021-08-10,195.46,189.02,212.07,179.45,11902270.0,2342919014.67
2021-08-11,181.57,184.15,192.53,179.57,8127203.0,1512559829.16
2021-08-12,184.89,180.7,186.76,174.36,6981659.0,1258697958.12
2021-08-13,173.58,168.84,179.93,166.93,8690400.0,1497729249.21
2021-08-16,164.93,171.45,177.9,163.07,7478458.0,1266473275.82
2021-08-17,173.24,174.48,181.55,170.31,7736731.0,1362045734.49
2021-08-18,170.31,166.66,178.22,161.01,7625698.0,1292977027.6
2021-08-19,163.6,165.59,169.72,157.95,7967569.0,1304039189.89
2021-08-20,164.27,167.98,172.9,163.44,6265276.0,1054499598.6
2021-08-23,168.23,174.58,177.56,165.59,7519596.0,1299202230.86
2021-08-24,175.52,179.07,185.22,171.58,7390740.0,1327642417.75
2021-08-25,176.24,192.19,196.52,176.24,8334023.0,1540801669.32
2021-08-26,191.54,184.23,202.84,183.22,6774569.0,1303929685.02
2021-08-27,181.41,179.94,188.22,174.24,6500241.0,1181306676.88
2021-08-30,174.91,191.25,196.26,173.11,7778555.0,1455948310.08
2021-08-31,188.46,182.89,189.94,180.23,5483876.0,1009167054.47
2021-09-01,179.57,163.52,182.89,158.62,9949462.0,1658693614.37
2021-09-02,159.84,156.84,165.6,151.48,9478335.0,1494533654.44
2021-09-03,154.29,149.63,161.61,146.31,7948289.0,1217379267.11
2021-09-06,149.64,150.88,151.3,142.28,7292718.0,1072645867.85
2021-09-07,149.82,152.36,154.46,147.64,5545994.0,836213024.98
2021-09-08,153.69,141.99,158.25,141.66,8848853.0,1308707149.75
2021-09-09,142.46,143.74,146.23,137.0,7588620.0,1067103221.35
2021-09-10,145.65,148.83,153.62,140.41,8524921.0,1255656456.72
2021-09-13,149.27,136.48,149.64,133.45,9268207.0,1282957361.34
2021-09-14,137.09,141.34,143.33,135.73,6389853.0,896767494.82
2021-09-15,144.0,141.87,147.0,139.11,6163819.0,885515994.91
2021-09-16,141.94,132.67,142.91,131.11,7015752.0,947514423.44
2021-09-17,133.34,130.92,133.99,126.34,5570467.0,720755158.06
2021-09-22,130.98,130.67,134.56,128.69,3804148.0,501976426.96
2021-09-23,132.43,133.14,136.7,129.34,5305978.0,707805710.56
2021-09-24,132.67,148.8,153.11,129.21,11519661.0,1661980930.58
2021-09-27,150.0,157.0,158.79,144.7,10343478.0,1583002356.02
2021-09-28,154.14,155.14,162.59,152.34,6058780.0,944983946.9
2021-09-29,150.67,160.87,163.41,150.0,7706138.0,1238280243.06
2021-09-30,161.35,161.34,167.34,157.59,5783368.0,934691912.15
2021-10-08,161.34,154.8,163.67,150.8,5288653.0,826296200.96
2021-10-11,157.34,152.81,163.66,151.34,5182867.0,811417830.59
2021-10-12,152.67,155.52,161.33,151.38,4971052.0,775576635.14
2021-10-13,156.98,173.34,173.99,156.0,8435108.0,1405049768.52
2021-10-14,171.98,182.0,186.67,170.67,8762932.0,1589147263.0
2021-10-15,182.92,181.67,183.26,175.72,6215146.0,1121239967.0
2021-10-18,186.66,183.32,186.67,177.93,6180183.0,1122560782.0
2021-10-19,182.0,174.54,185.06,171.08,8882416.0,1557014660.0
2021-10-20,172.68,178.16,183.87,172.33,7056874.0,1270168294.0
2021-10-21,179.32,176.78,182.64,174.67,5100082.0,904626896.37
2021-10-22,177.34,180.67,180.67,170.06,6047924.0,1065334058.23
2021-10-25,179.67,193.42,199.67,179.67,8789660.0,1681829381.62
2021-10-26,195.57,192.82,196.54,190.0,5310097.0,1023196868.42
2021-10-27,192.08,191.34,202.67,189.68,6224347.0,1218600478.63
2021-10-28,188.67,190.38,196.58,188.59,4189529.0,805881778.93
2021-10-29,185.2,185.86,188.32,173.73,10481828.0,1886597747.55
2021-11-01,182.14,174.14,183.14,169.94,8347018.0,1468896127.64
2021-11-02,170.02,167.02,172.0,164.14,6792610.0,1142694204.54
2021-11-03,166.68,163.34,169.2,158.68,6938594.0,1133137568.34
2021-11-04,164.44,164.67,168.44,163.34,6220768.0,1031591794.86
2021-11-05,162.35,165.99,169.2,160.01,5223384.0,865867951.95
2021-11-08,164.92,168.0,171.13,163.54,5303356.0,888166173.61
2021-11-09,171.12,160.06,174.0,159.34,8403272.0,1387232500.8
2021-11-10,156.66,157.7,161.04,154.98,5032439.0,793209651.53
2021-11-11,158.0,156.74,165.54,156.34,5593133.0,894183314.09
2021-11-12,158.0,159.91,161.67,156.57,5176246.0,823054648.19
2021-11-15,158.64,154.04,159.9,153.26,4468814.0,693591518.4
2021-11-16,154.03,151.71,156.26,150.0,4885268.0,743825615.93
2021-11-17,152.67,153.28,154.51,150.54,4911909.0,749207132.72
2021-11-18,154.67,153.21,155.71,150.04,3771524.0,576994247.07
2021-11-19,153.21,162.0,163.34,152.14,7827523.0,1245110847.39
2021-11-22,163.67,169.93,172.94,163.67,7286245.0,1224641667.29
2021-11-23,172.0,168.34,176.67,167.34,5960537.0,1023245323.26
2021-11-24,167.32,156.6,169.92,155.67,7148774.0,1154115984.72
2021-11-25,157.47,150.4,157.47,150.24,6175188.0,941270556.61
2021-11-26,150.25,158.12,159.31,150.24,5957967.0,926570284.85
2021-11-29,156.0,172.14,178.67,155.2,10139268.0,1751202270.18
2021-11-30,174.67,169.99,176.43,163.68,9536090.0,1592776623.1
2021-12-01,169.99,166.74,173.08,164.8,5311586.0,886900013.52
2021-12-02,160.0,165.93,167.87,156.69,4796064.0,788033949.98
2021-12-03,165.93,167.87,168.66,160.95,4248217.0,703706231.54
2021-12-06,169.98,161.58,170.59,160.34,3758951.0,618541554.51
2021-12-07,161.34,163.2,163.92,158.0,3352370.0,539001887.86
2021-12-08,163.0,167.54,170.39,162.19,6066313.0,1017432296.83
2021-12-09,166.19,172.09,173.4,164.68,5517241.0,941695771.02
2021-12-10,171.34,177.34,179.87,168.0,6335383.0,1116627026.15
2021-12-13,177.61,175.2,178.32,173.78,3910094.0,688283427.99
2021-12-14,173.68,173.14,178.34,172.0,2715181.0,474401362.61
2021-12-15,173.98,171.3,177.05,170.67,2911084.0,506243703.7
2021-12-16,171.62,174.4,177.26,169.34,3360612.0,582653565.01
2021-12-17,171.35,161.0,174.74,158.07,6126511.0,1010051903.23
2021-12-20,158.62,146.48,162.0,145.08,8119475.0,1227030586.63
2021-12-21,145.34,143.39,147.92,139.52,5470197.0,779275174.68
2021-12-22,144.4,142.68,146.58,141.34,3766436.0,539905781.47
2021-12-23,142.67,141.58,145.34,140.76,4018261.0,572320384.07
2021-12-24,142.59,136.27,142.66,135.34,3839186.0,531057999.62
2021-12-27,135.47,136.44,139.3,133.01,2926844.0,399085223.52
2021-12-28,136.46,141.67,142.0,136.4,3458721.0,481348109.5
2021-12-29,142.39,142.38,145.03,140.59,3442014.0,491354444.0
2021-12-30,143.72,146.47,147.34,141.34,4125362.0,598437581.34
2021-12-31,152.67,154.37,160.15,149.38,7098807.0,1103149528.0
2022-01-04,153.34,138.16,153.34,137.96,6245589.0,889461232.57
2022-01-05,138.99,139.66,140.66,134.76,5151253.0,708855226.93
2022-01-06,136.97,139.71,141.0,133.7,4655466.0,643300161.73
2022-01-07,138.24,137.78,139.71,126.63,8193373.0,1092103002.06
2022-01-10,134.0,134.64,141.32,133.54,4668857.0,639193502.0
2022-01-11,135.99,129.78,136.65,127.92,4577434.0,597424934.0
2022-01-12,131.62,138.02,139.34,128.39,5922631.0,792726089.0
2022-01-13,137.27,138.64,141.1,132.74,4743076.0,651509636.0
2022-01-14,135.16,144.37,146.58,135.16,5116832.0,732870991.0
2022-01-17,140.6,140.67,148.67,140.38,5044658.0,724640801.0
2022-01-18,142.67,145.55,148.35,139.26,4681474.0,680159717.0
2022-01-19,144.77,145.27,146.67,141.34,3238497.0,468014311.0
2022-01-20,144.04,147.62,151.92,142.76,3411067.0,504328882.0
2022-01-21,147.34,150.62,155.06,147.34,3144539.0,476314782.0
2022-01-24,150.67,165.33,173.25,149.34,8157173.0,1331144646.0
2022-01-25,166.32,161.53,168.0,160.61,3036603.0,497533611.0
2022-01-26,164.67,168.67,173.27,164.0,4711980.0,793374771.0
2022-01-27,165.92,163.84,170.66,160.0,5478045.0,896886591.0
2022-01-28,164.38,156.64,166.67,150.85,5822256.0,913802575.0
2022-02-07,160.28,154.4,160.67,145.67,5334699.0,807394542.0
2022-02-08,151.58,142.0,152.0,137.47,5301833.0,755037527.0
2022-02-09,142.0,144.67,146.24,140.54,3447654.0,494501596.0
2022-02-10,144.23,137.87,145.93,135.99,3291119.0,457966784.0
2022-02-11,137.43,134.87,139.54,134.42,2482983.0,340001243.0
2022-02-14,134.0,134.04,137.88,132.59,1945814.0,261858782.0
2022-02-15,136.13,146.33,146.54,133.47,4324198.0,611744454.0
2022-02-16,146.67,144.38,148.26,142.98,2791694.0,405409222.0
2022-02-17,143.58,157.31,159.72,143.34,5884870.0,904398116.0
2022-02-18,154.5,157.65,160.26,153.39,3638088.0,574306723.0
2022-02-21,157.18,154.0,157.19,146.73,4131362.0,625410847.0
2022-02-22,150.0,160.4,161.67,149.54,4399898.0,695363331.0
2022-02-23,160.38,163.55,165.33,159.2,3424115.0,553980190.0
2022-02-24,162.2,162.35,168.0,160.24,3562231.0,584289816.0
2022-02-25,166.0,161.97,169.08,160.0,2875212.0,470223711.0
2022-02-28,161.98,168.67,170.12,159.18,3462768.0,574987126.0
2022-03-01,171.2,172.2,174.67,168.68,4463933.0,769815874.0
2022-03-02,171.46,166.34,171.46,160.0,3561229.0,586907878.0
2022-03-03,166.33,160.94,166.53,160.67,2110773.0,343414149.0
2022-03-04,157.34,164.94,169.26,157.22,2667552.0,440855809.0
2022-03-07,164.3,167.74,171.66,162.42,3021062.0,507874236.0
2022-03-08,170.66,161.46,177.26,158.48,5731432.0,970779550.0
2022-03-09,163.34,160.35,167.94,150.72,4859674.0,769953682.0
2022-03-10,165.57,166.34,171.34,162.68,4604992.0,770564288.0
2022-03-11,163.34,157.0,167.04,152.67,4464788.0,702196145.0
2022-03-14,155.2,153.99,158.0,151.2,2492315.0,385794938.0
2022-03-15,152.66,160.0,164.34,150.91,4518774.0,722974992.0
2022-03-16,164.68,161.94,166.66,148.19,6398133.0,1005306896.0
2022-03-17,162.96,153.34,164.6,151.38,6473175.0,1010322164.0
2022-03-18,150.0,150.62,152.93,143.85,3929192.0,586543611.0
2022-03-21,150.38,151.32,157.11,148.67,3582536.0,548478076.0
2022-03-22,141.69,139.8,144.34,136.0,8542253.0,1198532164.0
2022-03-23,141.34,143.26,146.07,137.99,4399646.0,628747975.0
2022-03-24,143.26,140.94,143.26,136.77,3400737.0,475407070.0
2022-03-25,144.11,137.0,144.2,136.0,2947284.0,407492154.0
2022-03-28,135.52,135.65,139.94,133.68,3121778.0,425014268.0
2022-03-29,137.0,135.93,138.71,135.65,2459265.0,337198101.0
2022-03-30,137.34,143.34,144.94,135.93,3528922.0,497469658.0
2022-03-31,143.33,139.76,143.33,137.34,2748064.0,383730191.0
2022-04-01,139.8,139.73,142.34,138.64,1893108.0,265596936.0
2022-04-06,138.67,134.26,139.0,133.92,2610261.0,354080318.0
2022-04-07,133.48,134.49,136.24,131.36,2218438.0,297693288.0
2022-04-08,133.34,134.09,137.08,132.34,2439158.0,327188111.0
2022-04-11,131.4,125.67,132.07,124.78,3005210.0,384117516.0
2022-04-12,126.6,124.46,129.74,121.34,2902174.0,360071334.0
2022-04-13,123.34,120.04,123.7,120.0,2456258.0,298705671.0
2022-04-14,120.67,112.67,121.68,110.81,4637322.0,530845025.0
2022-04-15,112.67,117.6,118.88,108.07,4687549.0,532093065.0
2022-04-18,116.0,125.27,125.87,114.74,3483830.0,428241811.0
2022-04-19,126.92,128.55,132.62,126.92,3061007.0,397160869.0
2022-04-20,120.0,122.59,126.68,119.26,4955096.0,611321419.0
2022-04-21,121.44,118.82,126.92,118.2,2893309.0,353416978.0
2022-04-22,118.83,117.41,120.87,114.66,2596475.0,303286048.0
2022-04-25,114.66,112.67,118.34,111.34,4242922.0,487855237.0
2022-04-26,114.01,115.7,121.67,112.84,4262786.0,499623963.0
2022-04-27,113.89,129.0,130.0,113.89,6481930.0,802032998.0
2022-04-28,127.07,126.0,130.67,124.82,4682798.0,594768891.0
2022-04-29,125.55,128.67,129.74,121.34,5307136.0,667990656.0
2022-05-05,128.06,129.54,134.56,125.33,4114472.0,534622353.0
2022-05-06,125.4,122.94,126.66,122.0,2576833.0,320609877.0
2022-05-09,122.66,125.64,128.32,121.34,2723768.0,342106693.0
2022-05-10,122.67,134.32,136.67,121.87,4226587.0,560273654.0
2022-05-11,135.44,139.0,141.67,132.0,3713349.0,517079284.0
2022-05-12,137.68,139.33,140.36,135.67,2366020.0,327298087.0
2022-05-13,139.33,137.54,139.87,133.54,2770442.0,378132660.0
2022-05-16,138.54,134.48,141.34,133.4,1874254.0,255422042.0
2022-05-17,135.34,138.23,140.34,134.01,1978000.0,272146747.0
2022-05-18,137.74,143.36,144.8,137.67,3247882.0,459877855.0
2022-05-19,140.8,151.34,153.92,139.67,4113887.0,611115883.0
2022-05-20,154.0,154.12,155.67,148.7,3444213.0,523744565.0
2022-05-23,154.12,162.0,164.92,152.13,3513842.0,555905586.0
2022-05-24,161.34,158.37,165.92,156.67,2906923.0,467708239.0
2022-05-25,156.57,156.19,158.99,151.54,2858018.0,443893947.0
2022-05-26,156.8,157.9,165.88,155.0,2447862.0,391818637.0
2022-05-27,159.0,156.68,160.77,154.01,1862439.0,293221097.0
2022-05-30,157.22,161.2,162.8,156.0,1606076.0,255974891.0
2022-05-31,161.87,169.0,169.68,158.48,2773234.0,458672116.0
2022-06-01,166.42,159.87,167.02,159.06,3358160.0,546597550.0
2022-06-02,158.1,161.86,164.08,155.21,2589813.0,415167102.0
2022-06-06,159.72,167.6,173.3,159.3,3184767.0,533043638.0
2022-06-07,170.5,171.0,173.33,167.02,3194946.0,543166244.0
2022-06-08,169.7,167.48,169.82,163.39,2834906.0,472257638.0
2022-06-09,167.48,164.05,168.0,162.16,2703328.0,443410462.0
2022-06-10,163.0,164.38,167.79,158.9,5027344.0,826498693.0
2022-06-13,162.25,162.62,164.89,159.86,4293726.0,693810697.0
2022-06-14,160.24,143.95,160.24,140.0,10755217.0,1575101385.0
2022-06-15,145.0,141.79,148.98,139.5,6165428.0,885571182.0
2022-06-16,142.79,147.82,152.27,142.0,5417907.0,798027634.0
2022-06-17,146.48,151.03,152.82,146.0,4457669.0,671008958.0
2022-06-20,161.0,181.24,181.24,161.0,9847427.0,1698710672.0
2022-06-21,184.0,185.21,188.42,177.95,9276303.0,1696655420.0
2022-06-22,185.23,197.8,206.0,185.23,9628041.0,1917875786.0
2022-06-23,198.0,200.6,201.0,191.2,7169901.0,1412748189.0
2022-06-24,200.0,204.1,206.87,197.01,4868660.0,987039697.0
2022-06-27,206.82,207.53,213.0,201.68,4580659.0,943738685.0
2022-06-28,207.54,213.0,215.5,204.3,4334228.0,912662481.0
2022-06-29,208.5,204.9,210.0,202.97,5453800.0,1127420602.0
2022-06-30,206.5,213.0,220.2,201.5,5211368.0,1102394921.0
2022-07-01,212.13,213.0,222.09,210.1,3475263.0,748248576.0
2022-07-04,210.27,225.46,229.86,207.77,4966152.0,1104141775.0
2022-07-05,225.0,217.79,227.0,213.83,4641284.0,1007883336.0
2022-07-06,213.68,216.74,220.23,213.0,3929882.0,850932138.0
2022-07-07,216.46,235.52,237.42,215.55,6274570.0,1436076845.0
2022-07-08,236.0,215.82,237.5,213.58,6893589.0,1521225760.0
2022-07-11,218.29,217.95,220.2,211.98,4515987.0,974352870.0
2022-07-12,217.03,212.33,221.01,208.0,4306033.0,915957651.0
2022-07-13,212.14,216.49,222.36,212.14,4365244.0,951640760.0
2022-07-14,216.5,223.0,230.0,214.21,4944485.0,1109886015.0
2022-07-15,223.22,224.57,233.18,221.35,4786157.0,1083925597.0
2022-07-18,235.0,250.72,254.0,234.6,8903664.0,2198060214.0
2022-07-19,249.0,233.0,249.0,232.29,5730264.0,1367787019.0
2022-07-20,233.0,232.8,238.99,230.5,3485133.0,817787894.0
2022-07-21,232.6,233.38,245.39,226.89,4264855.0,1014687809.0
2022-07-22,232.0,236.19,242.08,229.0,4093533.0,962153860.0
2022-07-25,235.91,233.0,235.91,223.95,3861800.0,892762925.0
2022-07-26,233.51,235.0,245.88,232.0,3948433.0,942478227.0
2022-07-27,237.0,242.4,246.66,236.01,5619650.0,1360575881.0
2022-07-28,245.23,236.05,247.25,233.0,4350214.0,1037538587.0
2022-07-29,242.5,228.8,244.06,226.8,6770596.0,1584163885.0
2022-08-01,226.68,250.15,250.19,225.0,7575872.0,1825221828.0
2022-08-02,245.0,252.5,257.19,242.0,5361650.0,1352220661.0
2022-08-03,256.5,241.0,257.5,239.89,3890961.0,953890269.0
2022-08-04,241.0,238.2,247.0,234.0,3110759.0,742713103.0
2022-08-05,240.42,237.39,243.8,233.5,2911045.0,692188996.0
2022-08-08,234.3,246.45,248.18,224.92,5032874.0,1208284159.0
2022-08-09,246.29,248.9,256.58,243.06,2767971.0,694243932.0
2022-08-10,245.0,253.0,257.55,243.0,2574876.0,646993636.0
2022-08-11,259.0,250.0,259.5,241.19,3465582.0,859559577.0
